{
  "overall_accuracy": 0.7582601421999163,
  "classification_report": {
    "Candidate": {
      "precision": 0.5035460992907801,
      "recall": 0.7171717171717171,
      "f1-score": 0.5916666666666667,
      "support": 495.0
    },
    "Confirmed": {
      "precision": 0.8066298342541437,
      "recall": 0.8513119533527697,
      "f1-score": 0.8283687943262411,
      "support": 686.0
    },
    "False Positive": {
      "precision": 0.9085239085239085,
      "recall": 0.7223140495867768,
      "f1-score": 0.8047882136279927,
      "support": 1210.0
    },
    "accuracy": 0.7582601421999163,
    "macro avg": {
      "precision": 0.7395666140229441,
      "recall": 0.7635992400370878,
      "f1-score": 0.7416078915403,
      "support": 2391.0
    },
    "weighted avg": {
      "precision": 0.795448479615729,
      "recall": 0.7582601421999163,
      "f1-score": 0.7674319244657769,
      "support": 2391.0
    }
  },
  "confusion_matrix": [
    [
      355,
      73,
      67
    ],
    [
      81,
      584,
      21
    ],
    [
      269,
      67,
      874
    ]
  ],
  "feature_importance": [
    0.04425449296832085,
    0.026419075205922127,
    0.027653539553284645,
    0.02099195495247841,
    0.011064411140978336,
    0.013772309757769108,
    0.024331197142601013,
    0.04726250097155571,
    0.05170184746384621,
    0.02606511488556862,
    0.02014125883579254,
    0.021031593903899193,
    0.15984325110912323,
    0.023386912420392036,
    0.017393285408616066,
    0.030521364882588387,
    0.043525658547878265,
    0.05078670382499695,
    0.018298454582691193,
    0.1102176308631897,
    0.012722738087177277,
    0.09039171785116196,
    0.05094991624355316,
    0.014877832494676113,
    0.01681160368025303,
    0.01146186888217926,
    0.014121792279183865
  ],
  "calibration_thresholds": {
    "Candidate": {
      "f1_threshold": 0.40581214427948,
      "f1_score": 0.5969912905779889,
      "precision_threshold": 0.8900743722915649,
      "recall_threshold": 0.007786282338202
    },
    "Confirmed": {
      "f1_threshold": 0.3882434368133545,
      "f1_score": 0.8353022932592078,
      "precision_threshold": 0.9577624201774597,
      "recall_threshold": 0.005765487905591726
    },
    "False Positive": {
      "f1_threshold": 0.24639077484607697,
      "f1_score": 0.8590498625834315,
      "precision_threshold": 0.9634888768196106,
      "recall_threshold": 0.015579457394778728
    }
  },
  "training_info": {
    "model_type": "XGBoost",
    "test_size": 0.25,
    "random_state": 42,
    "n_features": 29,
    "n_samples": 9564,
    "hyperparameter_optimization": {
      "enabled": true,
      "best_params": {
        "subsample": 0.8,
        "reg_lambda": 5,
        "n_estimators": 500,
        "min_child_weight": 7,
        "max_depth": 5,
        "learning_rate": 0.01,
        "gamma": 1,
        "colsample_bytree": 1.0
      },
      "best_cv_score": 0.770671707970751
    }
  }
}