{
  "overall_accuracy": 0.7728983688833124,
  "classification_report": {
    "Candidate": {
      "precision": 0.5112359550561798,
      "recall": 0.7353535353535353,
      "f1-score": 0.6031483015741508,
      "support": 495.0
    },
    "Confirmed": {
      "precision": 0.8367346938775511,
      "recall": 0.8367346938775511,
      "f1-score": 0.8367346938775511,
      "support": 686.0
    },
    "False Positive": {
      "precision": 0.9164149043303121,
      "recall": 0.7520661157024794,
      "f1-score": 0.8261461643213799,
      "support": 1210.0
    },
    "accuracy": 0.7728983688833124,
    "macro avg": {
      "precision": 0.7547951844213476,
      "recall": 0.7747181149778553,
      "f1-score": 0.7553430532576938,
      "support": 2391.0
    },
    "weighted avg": {
      "precision": 0.8096711969855653,
      "recall": 0.7728983688833124,
      "f1-score": 0.7830176780042134,
      "support": 2391.0
    }
  },
  "confusion_matrix": [
    [
      364,
      66,
      65
    ],
    [
      94,
      574,
      18
    ],
    [
      254,
      46,
      910
    ]
  ],
  "feature_importance": [
    0.049775220453739166,
    0.027186360210180283,
    0.03005918301641941,
    0.024397028610110283,
    0.015647344291210175,
    0.020062942057847977,
    0.03238695487380028,
    0.06341743469238281,
    0.044968776404857635,
    0.029441479593515396,
    0.02218230813741684,
    0.022850200533866882,
    0.1264028549194336,
    0.04287045821547508,
    0.026289131492376328,
    0.029199594631791115,
    0.04322420805692673,
    0.03274410590529442,
    0.019414443522691727,
    0.09703028202056885,
    0.017915718257427216,
    0.06670685112476349,
    0.039054762572050095,
    0.020340759307146072,
    0.020044049248099327,
    0.0171434935182333,
    0.019244104623794556
  ],
  "calibration_thresholds": {
    "Candidate": {
      "f1_threshold": 0.4946801837678409,
      "f1_score": 0.6160483175150993,
      "precision_threshold": 0.8655074607240414,
      "recall_threshold": 0.0379962452174533
    },
    "Confirmed": {
      "f1_threshold": 0.257588716511112,
      "f1_score": 0.8492392807745505,
      "precision_threshold": 0.9538038626319901,
      "recall_threshold": 0.008923264336421958
    },
    "False Positive": {
      "f1_threshold": 0.18361646582554444,
      "f1_score": 0.8599071207430341,
      "precision_threshold": 0.9229582470928264,
      "recall_threshold": 0.007311876601883359
    }
  },
  "training_info": {
    "model_type": "Ensemble (Stacking)",
    "test_size": 0.25,
    "random_state": 42,
    "n_features": 29,
    "n_samples": 9564,
    "hyperparameter_optimization": {
      "enabled": false
    }
  }
}