{
  "overall_accuracy": 0.7846089502300293,
  "classification_report": {
    "Candidate": {
      "precision": 0.5402097902097902,
      "recall": 0.6242424242424243,
      "f1-score": 0.5791940018744143,
      "support": 495.0
    },
    "Confirmed": {
      "precision": 0.8328611898016998,
      "recall": 0.8571428571428571,
      "f1-score": 0.8448275862068966,
      "support": 686.0
    },
    "False Positive": {
      "precision": 0.8796046720575023,
      "recall": 0.8090909090909091,
      "f1-score": 0.8428755919070168,
      "support": 1210.0
    },
    "accuracy": 0.7846089502300293,
    "macro avg": {
      "precision": 0.7508918840229973,
      "recall": 0.7634920634920634,
      "f1-score": 0.7556323933294425,
      "support": 2391.0
    },
    "weighted avg": {
      "precision": 0.7959298517554956,
      "recall": 0.7846089502300293,
      "f1-score": 0.7888466002815794,
      "support": 2391.0
    }
  },
  "confusion_matrix": [
    [
      309,
      72,
      114
    ],
    [
      78,
      588,
      20
    ],
    [
      185,
      46,
      979
    ]
  ],
  "feature_importance": [
    0.04985583946108818,
    0.02757127210497856,
    0.03213095664978027,
    0.025896882638335228,
    0.017492329701781273,
    0.021349580958485603,
    0.03300052136182785,
    0.06151073798537254,
    0.04445885494351387,
    0.030384758487343788,
    0.023567695170640945,
    0.02439679577946663,
    0.12044545263051987,
    0.040571145713329315,
    0.026821453124284744,
    0.02899991162121296,
    0.043743934482336044,
    0.03249659389257431,
    0.019933687523007393,
    0.09285514056682587,
    0.01930874213576317,
    0.06326169520616531,
    0.0386718325316906,
    0.02165442332625389,
    0.020786702632904053,
    0.01866413839161396,
    0.020168932154774666
  ],
  "calibration_thresholds": {
    "Candidate": {
      "f1_threshold": 0.3462378680706024,
      "f1_score": 0.6058158319870759,
      "precision_threshold": 0.9347284436225891,
      "recall_threshold": 0.0001385859213769436
    },
    "Confirmed": {
      "f1_threshold": 0.40425926446914673,
      "f1_score": 0.8506401137980085,
      "precision_threshold": 0.9912312626838684,
      "recall_threshold": 3.706380812218413e-05
    },
    "False Positive": {
      "f1_threshold": 0.2713964879512787,
      "f1_score": 0.8636009353078722,
      "precision_threshold": 0.9955735206604004,
      "recall_threshold": 0.0007485532551072538
    }
  },
  "training_info": {
    "model_type": "XGBoost",
    "test_size": 0.25,
    "random_state": 42,
    "n_features": 29,
    "n_samples": 9564,
    "hyperparameter_optimization": {
      "enabled": false
    }
  }
}