{
  "overall_accuracy": 0.7858636553743203,
  "classification_report": {
    "Candidate": {
      "precision": 0.540587219343696,
      "recall": 0.6323232323232323,
      "f1-score": 0.5828677839851024,
      "support": 495.0
    },
    "Confirmed": {
      "precision": 0.8326241134751773,
      "recall": 0.8556851311953353,
      "f1-score": 0.8439971243709562,
      "support": 686.0
    },
    "False Positive": {
      "precision": 0.8843721770551038,
      "recall": 0.8090909090909091,
      "f1-score": 0.8450582649978421,
      "support": 1210.0
    },
    "accuracy": 0.7858636553743203,
    "macro avg": {
      "precision": 0.752527836624659,
      "recall": 0.7656997575364922,
      "f1-score": 0.7573077244513002,
      "support": 2391.0
    },
    "weighted avg": {
      "precision": 0.7983526347368368,
      "recall": 0.7858636553743203,
      "f1-score": 0.7904734759675829,
      "support": 2391.0
    }
  },
  "confusion_matrix": [
    [
      313,
      73,
      109
    ],
    [
      80,
      587,
      19
    ],
    [
      186,
      45,
      979
    ]
  ],
  "feature_importance": [
    0.046054914593696594,
    0.027148354798555374,
    0.0361005999147892,
    0.024805890396237373,
    0.016690926626324654,
    0.020536286756396294,
    0.03063185326755047,
    0.053182654082775116,
    0.05733160302042961,
    0.027874484658241272,
    0.02361178584396839,
    0.023988032713532448,
    0.12058235704898834,
    0.03954963758587837,
    0.023646283894777298,
    0.032858483493328094,
    0.043702684342861176,
    0.037505123764276505,
    0.021312855184078217,
    0.09307409822940826,
    0.01970905065536499,
    0.058089423924684525,
    0.04263099282979965,
    0.020365005359053612,
    0.020266162231564522,
    0.018003366887569427,
    0.0207471065223217
  ],
  "calibration_thresholds": {
    "Candidate": {
      "f1_threshold": 0.390428751707077,
      "f1_score": 0.6045340050377834,
      "precision_threshold": 0.939400851726532,
      "recall_threshold": 0.00019925105152651668
    },
    "Confirmed": {
      "f1_threshold": 0.4319145083427429,
      "f1_score": 0.8510028653295129,
      "precision_threshold": 0.9947392344474792,
      "recall_threshold": 7.963761891005561e-05
    },
    "False Positive": {
      "f1_threshold": 0.29692527651786804,
      "f1_score": 0.8652037617554859,
      "precision_threshold": 0.9948262572288513,
      "recall_threshold": 0.0009049433865584433
    }
  },
  "training_info": {
    "model_type": "XGBoost",
    "test_size": 0.25,
    "random_state": 42,
    "n_features": 29,
    "n_samples": 9564,
    "hyperparameter_optimization": {
      "enabled": false
    }
  }
}