{
  "overall_accuracy": 0.75678391959799,
  "classification_report": {
    "Candidate": {
      "precision": 0.675,
      "recall": 0.7063953488372093,
      "f1-score": 0.6903409090909091,
      "support": 344.0
    },
    "Confirmed": {
      "precision": 0.8856015779092702,
      "recall": 0.7835951134380453,
      "f1-score": 0.8314814814814815,
      "support": 573.0
    },
    "False Positive": {
      "precision": 0.4765625,
      "recall": 0.782051282051282,
      "f1-score": 0.5922330097087378,
      "support": 78.0
    },
    "accuracy": 0.75678391959799,
    "macro avg": {
      "precision": 0.6790546926364235,
      "recall": 0.7573472481088456,
      "f1-score": 0.7046851334270429,
      "support": 995.0
    },
    "weighted avg": {
      "precision": 0.780725205167851,
      "recall": 0.75678391959799,
      "f1-score": 0.763929986304968,
      "support": 995.0
    }
  },
  "confusion_matrix": [
    [
      243,
      56,
      45
    ],
    [
      102,
      449,
      22
    ],
    [
      15,
      2,
      61
    ]
  ],
  "feature_importance": [
    0.04478779807686806,
    0.03270195052027702,
    0.0723542794585228,
    0.0,
    0.06080606207251549,
    0.07477378845214844,
    0.09322189539670944,
    0.0,
    0.027114970609545708,
    0.05689992383122444,
    0.05013692006468773,
    0.0,
    0.03032727725803852,
    0.03260824456810951,
    0.04098709672689438,
    0.0,
    0.036026760935783386,
    0.02828987129032612,
    0.026788603514432907,
    0.0,
    0.028195252642035484,
    0.023562368005514145,
    0.025046847760677338,
    0.03234647586941719,
    0.026250673457980156,
    0.0254047904163599,
    0.03177766129374504,
    0.045276615768671036,
    0.05431373044848442
  ],
  "calibration_thresholds": {
    "Candidate": {
      "f1_threshold": 0.33874868374796885,
      "f1_score": 0.7131782945736435,
      "precision_threshold": 0.8774415518601894,
      "recall_threshold": 0.014336926644904605
    },
    "Confirmed": {
      "f1_threshold": 0.23140386016692185,
      "f1_score": 0.8666666666666667,
      "precision_threshold": 0.9107378165986021,
      "recall_threshold": 0.002272576678075112
    },
    "False Positive": {
      "f1_threshold": 0.7118055793649513,
      "f1_score": 0.6666666666666666,
      "precision_threshold": 0.9788452337384026,
      "recall_threshold": 0.014470723389895444
    }
  },
  "training_info": {
    "model_type": "Ensemble (Stacking)",
    "test_size": 0.25,
    "random_state": 42,
    "n_features": 29,
    "n_samples": 3977,
    "hyperparameter_optimization": {
      "enabled": false
    }
  }
}