{
  "overall_accuracy": 0.7949748743718593,
  "classification_report": {
    "Candidate": {
      "precision": 0.7111111111111111,
      "recall": 0.7441860465116279,
      "f1-score": 0.7272727272727273,
      "support": 344.0
    },
    "Confirmed": {
      "precision": 0.8839779005524862,
      "recall": 0.837696335078534,
      "f1-score": 0.8602150537634409,
      "support": 573.0
    },
    "False Positive": {
      "precision": 0.5978260869565217,
      "recall": 0.7051282051282052,
      "f1-score": 0.6470588235294118,
      "support": 78.0
    },
    "accuracy": 0.7949748743718593,
    "macro avg": {
      "precision": 0.7309716995400398,
      "recall": 0.7623368622394557,
      "f1-score": 0.7448488681885266,
      "support": 995.0
    },
    "weighted avg": {
      "precision": 0.8017808985139755,
      "recall": 0.7949748743718593,
      "f1-score": 0.797543348968406,
      "support": 995.0
    }
  },
  "confusion_matrix": [
    [
      256,
      60,
      28
    ],
    [
      84,
      480,
      9
    ],
    [
      20,
      3,
      55
    ]
  ],
  "feature_importance": [
    0.045504383742809296,
    0.029916374012827873,
    0.06312344968318939,
    0.0,
    0.0575174055993557,
    0.06934716552495956,
    0.0849912017583847,
    0.0,
    0.02862379513680935,
    0.07670636475086212,
    0.07459750026464462,
    0.0,
    0.02841203287243843,
    0.03169334679841995,
    0.03839114308357239,
    0.0,
    0.03424655646085739,
    0.03455715999007225,
    0.030582616105675697,
    0.0,
    0.027309641242027283,
    0.024503841996192932,
    0.024655234068632126,
    0.032245684415102005,
    0.02673441171646118,
    0.028511138632893562,
    0.02837427146732807,
    0.04509437829256058,
    0.03436083719134331
  ],
  "calibration_thresholds": {
    "Candidate": {
      "f1_threshold": 0.45197996497154236,
      "f1_score": 0.7292817679558011,
      "precision_threshold": 0.9662712812423706,
      "recall_threshold": 0.00011310681293252856
    },
    "Confirmed": {
      "f1_threshold": 0.40100541710853577,
      "f1_score": 0.8633594429939078,
      "precision_threshold": 0.9513184428215027,
      "recall_threshold": 1.6375564882764593e-05
    },
    "False Positive": {
      "f1_threshold": 0.5380622744560242,
      "f1_score": 0.6751592356687898,
      "precision_threshold": 0.9871518611907959,
      "recall_threshold": 2.1945006665191613e-06
    }
  },
  "training_info": {
    "model_type": "XGBoost",
    "test_size": 0.25,
    "random_state": 42,
    "n_features": 29,
    "n_samples": 3977,
    "hyperparameter_optimization": {
      "enabled": true,
      "best_params": {
        "subsample": 0.7,
        "reg_lambda": 1,
        "n_estimators": 200,
        "min_child_weight": 1,
        "max_depth": 3,
        "learning_rate": 0.2,
        "gamma": 0,
        "colsample_bytree": 0.8
      },
      "best_cv_score": 0.7503318570928635
    }
  }
}